Region,Delivery_Time_Days,Cost_per_Volume,Shipment_Volume,Profit_Margin
East,5.673269230769231,6.422187661241107,593128,30.90196860640617
South,5.629250000000001,6.675961081549237,423825,31.273915662864123
North,5.5758,3.874802628349443,636862,31.71572803359973
West,5.246724137931034,3.8624751063091707,729085,31.531127797583512
